1461358740079673,5243.9,5242.2,AU200_AUD
1461358798120166,0.97765,0.97565,AUD_CAD
1461358798118077,0.75504,0.75361,AUD_CHF
1461358798118363,5.98342,5.97668,AUD_HKD
1461358798121574,86.278,86.078,AUD_JPY
1461358798122096,1.12627,1.12373,AUD_NZD
1461358798118983,1.04538,1.04293,AUD_SGD
1461358798123050,0.77129,0.77062,AUD_USD
1461358740066570,44.98,44.94,BCO_USD
1461358798118645,0.77315,0.77175,CAD_CHF
1461358798119226,6.12699,6.12057,CAD_HKD
1461358798123202,88.325,88.146,CAD_JPY
1461358798119674,1.0705,1.06807,CAD_SGD
1461355141008900,8172,8166,CH20_CHF
1461358798119079,7.93285,7.9227,CHF_HKD
1461358798121435,114.331,114.131,CHF_JPY
1461358798119600,14.7499,14.68375,CHF_ZAR
1461349140870780,3.698,3.695,CORN_USD
1461355141010340,163.664,163.649,DE10YB_EUR
1461355141000007,10409.9,10407.9,DE30_EUR
1461355141005358,3126.8,3124.8,EU50_EUR
1461358798121830,1.45697,1.4553,EUR_AUD
1461358798120856,1.42295,1.42095,EUR_CAD
1461358798121724,1.09875,1.09775,EUR_CHF
1461358798122563,27.06922,27.01233,EUR_CZK
1461358798123544,7.44228,7.44062,EUR_DKK
1461358798124071,0.7797,0.7787,EUR_GBP
1461358798120069,8.7115,8.70149,EUR_HKD
1461358798122252,311.035,309.768,EUR_HUF
1461358798122843,125.538,125.444,EUR_JPY
1461358798121520,9.27761,9.22761,EUR_NOK
1461358798122053,1.64023,1.63623,EUR_NZD
1461358798122605,4.37637,4.36073,EUR_PLN
1461358798123437,9.18611,9.1306,EUR_SEK
1461358798120505,1.52206,1.51846,EUR_SGD
1461358798123744,3.20856,3.18858,EUR_TRY
1461358798122299,1.12295,1.12195,EUR_USD
1461358798121368,16.19768,16.12715,EUR_ZAR
1461355141003632,4570.1,4568.1,FR40_EUR
1461358798123279,1.86899,1.86699,GBP_AUD
1461358798122895,1.8255,1.8235,GBP_CAD
1461358798123923,1.4104,1.4084,GBP_CHF
1461358798120011,11.17697,11.16757,GBP_HKD
1461358798123511,161.099,160.899,GBP_JPY
1461358798122982,2.10474,2.09874,GBP_NZD
1461358798136415,5.62009,5.59282,GBP_PLN
1461358798120307,1.95282,1.9488,GBP_SGD
1461358798123168,1.44076,1.43992,GBP_USD
1461358798121139,20.78185,20.69773,GBP_ZAR
1461339840715041,21438.9,21431.4,HK33_HKD
1461358798119479,14.41535,14.40596,HKD_JPY
1461358740075137,17820.2,17805.2,JP225_USD
1461358798124230,4472.5,4471.7,NAS100_USD
1461358740070815,2.142,2.138,NATGAS_USD
1461355141002353,452.691,452.419,NL25_EUR
1461358798123577,0.86864,0.86756,NZD_CAD
1461358798136451,0.67102,0.66987,NZD_CHF
1461358798136592,5.31767,5.31257,NZD_HKD
1461358798123841,76.697,76.497,NZD_JPY
1461358798136705,0.9291,0.92707,NZD_SGD
1461358798124151,0.68547,0.68499,NZD_USD
1461347940843968,329.71,329.31,SG30_SGD
1461358798121923,0.7233,0.72149,SGD_CHF
1461358798119894,5.7321,5.72216,SGD_HKD
1461358798136730,82.607,82.452,SGD_JPY
1461349140870865,9.84,9.836,SOYBN_USD
1461358798124354,2092.4,2091.9,SPX500_USD
1461344340779461,0.15098,0.15086,SUGAR_USD
1461358798122403,39.371,39.096,TRY_JPY
1461355141006765,6312.9,6311.9,UK100_GBP
1461344340780581,120.2,120.18,UK10YB_GBP
1461358740074584,1149.657,1149.357,US2000_USD
1461358798124552,17979.5,17975.5,US30_USD
1461358740078903,109.247,109.234,USB02Y_USD
1461358740078772,120.669,120.651,USB05Y_USD
1461358740079189,129.768,129.742,USB10Y_USD
1461358740079064,163.207,163.166,USB30Y_USD
1461358798124257,1.26715,1.26615,USD_CAD
1461358798124457,0.97892,0.97792,USD_CHF
1461358798124664,6.5078,6.5043,USD_CNH
1461358798123790,24.1219,24.04172,USD_CZK
1461358798123625,6.63508,6.62422,USD_DKK
1461358798124440,7.75769,7.75569,USD_HKD
1461358798124852,277.323,275.634,USD_HUF
1461358798124121,66.851,66.601,USD_INR
1461358798123999,111.801,111.757,USD_JPY
1461358798124309,17.48916,17.45916,USD_MXN
1461358798124410,8.26157,8.21157,USD_NOK
1461358798124565,3.90275,3.88155,USD_PLN
1461358798125037,3.75159,3.74881,USD_SAR
1461358798124482,8.18542,8.133,USD_SEK
1461358798125117,1.35541,1.35341,USD_SGD
1461358798124532,35.167,35.005,USD_THB
1461358798124725,2.85733,2.84143,USD_TRY
1461358798124683,14.42423,14.37423,USD_ZAR
1461349140870978,4.642,4.638,WHEAT_USD
1461358740071479,42.313,42.277,WTICO_USD
1461358798120664,22.03951,21.97213,XAG_AUD
1461358798121892,21.52138,21.45729,XAG_CAD
1461358798123014,16.62606,16.57269,XAG_CHF
1461358798122440,15.13733,15.09072,XAG_EUR
1461358798123316,11.79516,11.76246,XAG_GBP
1461358798121665,131.75729,131.43481,XAG_HKD
1461358798136753,1898.9,1893.9,XAG_JPY
1461358798136778,24.79465,24.72301,XAG_NZD
1461358798122718,23.02039,22.93607,XAG_SGD
1461358798125142,16.98409,16.94689,XAG_USD
1461358798122206,1599.655,1597.075,XAU_AUD
1461358798123348,1562.035,1559.641,XAU_CAD
1461358798123874,1206.729,1204.599,XAU_CHF
1461358798123669,1098.726,1096.93,XAU_EUR
1461358798124044,856.1,854.964,XAU_GBP
1461358798122760,9563.021,9553.443,XAU_HKD
1461358798136805,137819,137662,XAU_JPY
1461358798136836,1799.61,1797.012,XAU_NZD
1461358798123971,1670.849,1667.141,XAU_SGD
1461358798124775,1232.715,1231.798,XAU_USD
1461358798124194,72.751,72.516,XAU_XAG
1461358740072374,2.26143,2.26043,XCU_USD
1461358798124880,604.95,601.95,XPD_USD
1461358798125168,1011.75,1008.75,XPT_USD
1461358798125206,7.787,7.737,ZAR_JPY
1461531600510315,1.64013,1.63613,EUR_NZD
1461531600507912,1.45859,1.45663,EUR_AUD
1461531600511248,0.77596,0.77497,EUR_GBP
1461531600509079,1.1222,1.12144,EUR_USD
1461531600509137,125.521,125.421,EUR_JPY
1461531600511460,111.892,111.815,USD_JPY
1461531600510416,1.44705,1.44605,GBP_USD
1461531600511502,0.97963,0.97863,USD_CHF
1461531600511351,161.919,161.719,GBP_JPY
1461531600511315,0.68557,0.68357,NZD_USD
1461531600509529,0.77012,0.76929,AUD_USD
1461531600510974,1.26659,1.26559,USD_CAD
1461531600507464,86.151,86.035,AUD_JPY
1461531600504121,0.75445,0.75286,AUD_CHF
1461531600510566,88.423,88.267,CAD_JPY
1461531600508953,1.126,1.122,AUD_NZD
1461531600509448,1.42141,1.41941,EUR_CAD
1461531600511128,76.695,76.495,NZD_JPY
1461531600508643,114.333,114.133,CHF_JPY
1461531600510110,2.11586,2.10986,GBP_NZD
1461531600506931,1.09924,1.09827,EUR_CHF
1461531600511099,1.88044,1.87844,GBP_AUD
1461531600511720,1.35663,1.35483,USD_SGD
1461531600508829,0.97537,0.97364,AUD_CAD
1461531600509720,1.8328,1.8308,GBP_CAD
1461531600510524,1.41767,1.41567,GBP_CHF
1461531600511210,39.383,39.106,TRY_JPY
1461531600510191,3.20732,3.18732,EUR_TRY
1461531600511824,7.75772,7.75572,USD_HKD
1461531600512185,6.50622,6.50272,USD_CNH
1461531600511969,66.858,66.608,USD_INR
1461531600511609,3.75518,3.74518,USD_SAR
1461531600507303,82.588,82.421,SGD_JPY
1461531600511651,17.48132,17.45132,USD_MXN
1461531600511849,35.214,34.978,USD_THB
1461531600510878,0.72307,0.72137,SGD_CHF
1461531600509186,11.22581,11.21516,GBP_HKD
1461531600511421,277.65,276.036,USD_HUF
1461531600506250,5.31846,5.30157,NZD_HKD
1461531600506300,14.42703,14.41338,HKD_JPY
1461531600504927,5.97437,5.96639,AUD_HKD
1461531600506395,0.77405,0.77264,CAD_CHF
1461531600509591,9.1576,9.13817,EUR_SEK
1461531600506032,7.92713,7.91699,CHF_HKD
1461531600508261,14.75099,14.68489,CHF_ZAR
1461531600510642,6.63545,6.63062,USD_DKK
1461531600506586,0.93007,0.92612,NZD_SGD
1461531600512053,14.43577,14.38577,USD_ZAR
1461531600504669,5.64927,5.60256,GBP_PLN
1461531600509779,1.96311,1.95915,GBP_SGD
1461531600510464,20.88927,20.80253,GBP_ZAR
1461531600507174,1.07194,1.06967,CAD_SGD
1461531600511557,24.25716,23.96181,USD_CZK
1461531600508106,312.095,309.095,EUR_HUF
1461531600509832,9.2533,9.23347,EUR_NOK
1461531600509291,27.07493,27.00658,EUR_CZK
1461531600505493,0.67161,0.66896,NZD_CHF
1461531600512014,2.85662,2.84203,USD_TRY
1461531600511930,3.8997,3.87598,USD_PLN
1461531600511798,8.1653,8.14503,USD_SEK
1461531600511893,7.79,7.74,ZAR_JPY
1461531600510387,16.19982,16.13277,EUR_ZAR
1461531600506674,5.72598,5.7169,SGD_HKD
1461531600509965,1.52241,1.51936,EUR_SGD
1461531600507643,8.70571,8.69757,EUR_HKD
1461531600506799,6.12973,6.12331,CAD_HKD
1461531600511023,7.44224,7.43956,EUR_DKK
1461531600510681,4.3778,4.34715,EUR_PLN
1461531600505765,1.04477,1.04225,AUD_SGD
1461531600510822,0.86804,0.86604,NZD_CAD
1461531600512094,8.25087,8.231,USD_NOK
1461531601002328,1.63996,1.63596,EUR_NZD
1461531601047298,1.63984,1.63584,EUR_NZD
1461531600899366,277.62,276.1,USD_HUF
1461531600899028,6.63488,6.63112,USD_DKK
1461531600899091,24.304,23.904,USD_CZK
1461531600899178,3.9017,3.8738,USD_PLN
1461531601653838,1.12702,1.12302,AUD_NZD
1461531602103336,277.562,276.158,USD_HUF
1461531602102778,6.63486,6.63134,USD_DKK
1461531602103032,3.9013,3.87421,USD_PLN
1461531602805611,312.075,309.075,EUR_HUF
1461531604267232,114.326,114.126,CHF_JPY
1461531604573720,9.1822,9.11061,EUR_SEK
1461531604626426,8.1884,8.1185,USD_SEK
1461531606039010,7.75768,7.75568,USD_HKD
1461531606003943,17.485,17.455,USD_MXN
1461531605885768,277.54,276.17,USD_HUF
1461531606039034,7.92708,7.91694,CHF_HKD
1461531606206764,24.23411,23.9798,USD_CZK
1461531609726519,6.63468,6.63153,USD_DKK
1461531609726456,24.21733,23.99821,USD_CZK
1461531610049044,3.9012,3.87425,USD_PLN
1461531610049231,3.9012,3.87423,USD_PLN
1461531614453150,0.7761,0.7751,EUR_GBP
1461531614453195,5.64803,5.60126,GBP_PLN
1461531617854580,1.45849,1.45649,EUR_AUD
1461531617853446,0.77032,0.76932,AUD_USD
1461531617854415,86.187,85.987,AUD_JPY
1461531617853564,5.97589,5.96659,AUD_HKD
1461531617853566,1.04504,1.04229,AUD_SGD
1461531617853565,0.75464,0.75289,AUD_CHF
1461531618052860,76.675,76.475,NZD_JPY
1461531619318282,125.54,125.44,EUR_JPY
1461531619318988,161.876,161.676,GBP_JPY
1461531619318751,86.196,85.996,AUD_JPY
1461531618989680,8.25596,8.22545,USD_NOK
1461531619318418,88.437,88.237,CAD_JPY
1461531619318722,114.332,114.132,CHF_JPY
1461531620052927,9.18405,9.10905,EUR_SEK
1461531620058874,8.1884,8.1185,USD_SEK
1461531620852719,0.7762,0.7752,EUR_GBP
1461531620852781,5.64731,5.60054,GBP_PLN
1461531620714140,8.1881,8.1188,USD_SEK
1461531621014118,8.1878,8.1191,USD_SEK
1461531621614955,277.53,276.17,USD_HUF
1461531621613749,9.18375,9.10935,EUR_SEK
1461531621413375,8.1874,8.1195,USD_SEK
1461531622012951,9.18335,9.10975,EUR_SEK
1461531621913877,8.1869,8.12,USD_SEK
1461531622852222,0.7761,0.7751,EUR_GBP
1461531622513194,9.18285,9.11025,EUR_SEK
1461531622852276,5.64803,5.60126,GBP_PLN
1461531622414309,8.1864,8.1205,USD_SEK
1461531622953490,1.45858,1.45658,EUR_AUD
1461531622952452,0.77014,0.76914,AUD_USD
1461531622952604,0.75446,0.75271,AUD_CHF
1461531623153625,1.63998,1.63598,EUR_NZD
1461531623246568,1.6401,1.6361,EUR_NZD
1461531622952603,5.97449,5.96519,AUD_HKD
1461531622952605,1.0448,1.04205,AUD_SGD
1461531623413014,9.1822,9.1109,EUR_SEK
1461531624736383,6.63448,6.63133,USD_DKK
1461531624736301,24.20725,24.00865,USD_CZK
1461531624736476,24.20725,24.00797,USD_CZK
1461531625452832,0.77594,0.77494,EUR_GBP
1461531625552792,1.44674,1.44574,GBP_USD
1461531625552882,11.22335,11.2127,GBP_HKD
1461531625452874,5.6492,5.60241,GBP_PLN
1461531625552884,1.96269,1.95873,GBP_SGD
1461531625552879,20.8848,20.79807,GBP_ZAR
1461531628989601,8.25596,8.2252,USD_NOK
1461531630659120,1.64021,1.63621,EUR_NZD
1461531630821239,1.12248,1.12148,EUR_USD
1461531630827901,125.549,125.449,EUR_JPY
1461531630827963,86.187,85.987,AUD_JPY
1461531630818784,277.544,276.15,USD_HUF
1461531630650691,6.63438,6.63083,USD_DKK
1461531630725940,6.63467,6.63113,USD_DKK
1461531630818553,6.63448,6.63093,USD_DKK
1461531630718827,24.20725,24.00677,USD_CZK
1461531630725865,24.20759,24.00718,USD_CZK
1461531630818303,24.20725,24.007,USD_CZK
1461531630658796,3.9012,3.87411,USD_PLN
1461531630818765,3.9012,3.87408,USD_PLN
1461531630821365,16.20385,16.13334,EUR_ZAR
1461531630821369,1.52279,1.51941,EUR_SGD
1461531630821367,8.70784,8.69783,EUR_HKD
1461531630647767,8.26136,8.21935,USD_NOK
1461531631084563,24.20725,24.00682,USD_CZK
1461531631084674,24.20725,24.00677,USD_CZK
1461531631052401,9.2685,9.2185,EUR_NOK
1461531631083877,3.9011,3.8741,USD_PLN
1461531631083961,3.9011,3.87408,USD_PLN
1461531631052790,8.26296,8.21888,USD_NOK
1461531631053007,8.26328,8.21888,USD_NOK
1461531632052882,9.267,9.217,EUR_NOK
1461531632053242,8.26282,8.21858,USD_NOK
1461531635549832,7.44928,7.43243,EUR_DKK
1461531636327005,1.45868,1.45668,EUR_AUD
1461531636317594,277.55,276.14,USD_HUF
1461531636326356,6.63428,6.63053,USD_DKK
1461531636326453,24.20725,24.00639,USD_CZK
1461531636326586,3.9011,3.87403,USD_PLN
1461531636315115,8.26235,8.21858,USD_NOK
1461531636520917,1.12238,1.12138,EUR_USD
1461531636517723,6.63446,6.63075,USD_DKK
1461531636517554,24.20725,24.00666,USD_CZK
1461531636518229,3.9012,3.87403,USD_PLN
1461531636520990,1.52266,1.51928,EUR_SGD
1461531636520988,8.70707,8.69706,EUR_HKD
1461531639548946,277.543,276.15,USD_HUF
1461531639557182,6.63438,6.63083,USD_DKK
1461531639557124,24.20725,24.00673,USD_CZK
1461531640252485,0.77616,0.77516,EUR_GBP
1461531640353048,0.77599,0.77499,EUR_GBP
1461531640355359,277.548,276.14,USD_HUF
1461531640356160,6.63418,6.63063,USD_DKK
1461531640252525,5.6476,5.60083,GBP_PLN
1461531640353084,5.64884,5.60206,GBP_PLN
1461531640356030,24.20725,24.00604,USD_CZK
1461531640356129,24.20725,24.00583,USD_CZK
1461531640118975,3.9011,3.87409,USD_PLN
1461531640119228,3.9011,3.87407,USD_PLN
1461531640349539,3.901,3.87409,USD_PLN
1461531640420100,125.557,125.457,EUR_JPY
1461531640518250,277.543,276.15,USD_HUF
1461531640647071,277.529,276.161,USD_HUF
1461531640518763,24.20725,24.00651,USD_CZK
1461531640518149,3.9011,3.87405,USD_PLN
1461531640427563,8.1822,8.1247,USD_SEK
1461531641229267,277.471,276.22,USD_HUF
1461531641229343,3.9011,3.87407,USD_PLN
1461531641753041,0.77616,0.77516,EUR_GBP
1461531641842966,0.77608,0.77508,EUR_GBP
1461531641852429,0.776,0.775,EUR_GBP
1461531641753074,5.6476,5.60083,GBP_PLN
1461531641852467,5.64876,5.60198,GBP_PLN
1461531642421655,1.12252,1.12152,EUR_USD
1461531642429009,1.88075,1.87875,GBP_AUD
1461531642514981,1.12241,1.12141,EUR_USD
1461531642394247,277.406,276.277,USD_HUF
1461531642403207,24.20725,24.00597,USD_CZK
1461531642519227,24.20156,24.00144,USD_CZK
1461531642394095,3.901,3.87409,USD_PLN
1461531642414389,8.18645,8.13292,USD_SEK
1461531642421717,1.52285,1.51947,EUR_SGD
1461531642515052,1.5227,1.51932,EUR_SGD
1461531642421715,8.70816,8.69815,EUR_HKD
1461531642515050,8.7073,8.69729,EUR_HKD
1461531642953154,0.77607,0.77507,EUR_GBP
1461531643052697,0.776,0.775,EUR_GBP
1461531642953190,5.64826,5.60148,GBP_PLN
1461531643052721,5.64876,5.60198,GBP_PLN
1461531644250175,24.19322,24.01041,USD_CZK
1461531644415276,125.551,125.451,EUR_JPY
1461531644420531,111.884,111.784,USD_JPY
1461531644425505,88.426,88.226,CAD_JPY
1461531644425983,76.66,76.46,NZD_JPY
1461531644425787,114.326,114.126,CHF_JPY
1461531644420599,82.582,82.398,SGD_JPY
1461531644420626,14.42607,14.40946,HKD_JPY
1461531644417974,24.19244,24.01131,USD_CZK
1461531644417504,3.9011,3.87405,USD_PLN
1461531645653322,0.77607,0.77507,EUR_GBP
1461531645752616,0.776,0.775,EUR_GBP
1461531645653397,5.64826,5.60148,GBP_PLN
1461531645752648,5.64876,5.60198,GBP_PLN
1461531646314291,8.25573,8.22499,USD_NOK
1461531648470687,277.393,276.294,USD_HUF
1461531648945460,1.64051,1.63651,EUR_NZD
1461531648958205,1.45852,1.45652,EUR_AUD
1461531648970941,0.77595,0.77495,EUR_GBP
1461531648959209,125.531,125.439,EUR_JPY
1461531648969266,1.44685,1.44585,GBP_USD
1461531648970216,1.4471,1.4461,GBP_USD
1461531648969325,161.908,161.708,GBP_JPY
1461531648971112,161.945,161.745,GBP_JPY
1461531648944900,0.68533,0.68333,NZD_USD
1461531648958361,0.68576,0.68376,NZD_USD
1461531648981424,0.68574,0.68374,NZD_USD
1461531648958282,0.77027,0.76927,AUD_USD
1461531648993726,125.534,125.434,EUR_JPY
1461531648982983,161.917,161.717,GBP_JPY
1461531648994226,161.947,161.747,GBP_JPY
1461531648958477,0.75459,0.75284,AUD_CHF
1461531648958358,76.666,76.466,NZD_JPY
1461531648969268,2.11614,2.11014,GBP_NZD
1461531648971070,2.11642,2.11042,GBP_NZD
1461531648969327,1.88045,1.87845,GBP_AUD
1461531648984138,1.88072,1.87872,GBP_AUD
1461531648958100,0.97558,0.97358,AUD_CAD
1461531648969501,1.83261,1.83061,GBP_CAD
1461531648994164,1.83285,1.83085,GBP_CAD
1461531648969376,1.41752,1.41552,GBP_CHF
1461531648994112,1.4177,1.4157,GBP_CHF
1461531648959256,39.385,39.11,TRY_JPY
1461531648993686,39.384,39.107,TRY_JPY
1461531648983256,3.20743,3.18743,EUR_TRY
1461531648969307,11.2242,11.21355,GBP_HKD
1461531648970561,11.22614,11.21549,GBP_HKD
1461531648971151,277.394,276.287,USD_HUF
1461531648983108,277.393,276.279,USD_HUF
1461531648945047,5.31657,5.29968,NZD_HKD
1461531648958416,5.31991,5.30302,NZD_HKD
1461531648981539,5.31975,5.30286,NZD_HKD
1461531648958475,5.9755,5.9662,AUD_HKD
1461531648946117,9.1791,9.1148,EUR_SEK
1461531648993722,9.19487,9.11987,EUR_SEK
1461531648971630,6.63442,6.63073,USD_DKK
1461531648981584,6.63448,6.63073,USD_DKK
1461531648945045,0.92974,0.92579,NZD_SGD
1461531648958414,0.93032,0.92637,NZD_SGD
1461531648981537,0.9303,0.92635,NZD_SGD
1461531648971026,5.64913,5.60234,GBP_PLN
1461531648969308,1.96284,1.95888,GBP_SGD
1461531648970562,1.96318,1.95922,GBP_SGD
1461531648969305,20.88638,20.79965,GBP_ZAR
1461531648970559,20.88999,20.80324,GBP_ZAR
1461531648971161,24.16992,24.03432,USD_CZK
1461531648983140,24.16994,24.03446,USD_CZK
1461531648945049,0.67137,0.66872,NZD_CHF
1461531648958418,0.67179,0.66914,NZD_CHF
1461531648981541,0.67177,0.66912,NZD_CHF
1461531648971555,3.9011,3.87381,USD_PLN
1461531648982652,3.9011,3.87364,USD_PLN
1461531648946390,8.18318,8.14272,USD_SEK
1461531648969499,8.18262,8.1422,USD_SEK
1461531648993586,8.18278,8.14241,USD_SEK
1461531648958479,1.04498,1.04223,AUD_SGD
1461531648945005,0.86764,0.86564,NZD_CAD
1461531648958359,0.86774,0.86574,NZD_CAD
1461531648981422,0.86768,0.86568,NZD_CAD
1461531648971162,8.25573,8.22677,USD_NOK
1461531648981970,8.25591,8.22697,USD_NOK
1461531649646700,125.549,125.449,EUR_JPY
1461531649720005,111.911,111.811,USD_JPY
1461531649720040,82.602,82.418,SGD_JPY
1461531649720076,14.42956,14.41294,HKD_JPY
1461531650646528,86.139,86.043,AUD_JPY
1461531651052913,0.77599,0.77499,EUR_GBP
1461531651053496,0.77603,0.77503,EUR_GBP
1461531651051539,161.918,161.718,GBP_JPY
1461531651053097,1.88058,1.87858,GBP_AUD
1461531651051987,1.83272,1.83072,GBP_CAD
1461531651052388,1.4176,1.4156,GBP_CHF
1461531651157619,125.533,125.433,EUR_JPY
1461531651157652,39.384,39.107,TRY_JPY
1461531651319937,111.883,111.783,USD_JPY
1461531651319997,82.581,82.397,SGD_JPY
1461531651320016,14.42594,14.40933,HKD_JPY
1461531651052886,5.64884,5.60206,GBP_PLN
1461531651476718,1.64073,1.63673,EUR_NZD
1461531651876251,125.544,125.444,EUR_JPY
1461531651882381,277.394,276.277,USD_HUF
1461531651879296,6.63435,6.63043,USD_DKK
1461531651888132,24.16266,24.04175,USD_CZK
1461531651888253,24.16244,24.04075,USD_CZK
1461531651879516,3.9009,3.8738,USD_PLN
1461531652052297,0.77607,0.77507,EUR_GBP
1461531652052365,5.64826,5.60148,GBP_PLN
1461531652414074,24.15987,24.04344,USD_CZK
1461531652414034,8.17946,8.14593,USD_SEK
1461531654295815,9.18964,9.12449,EUR_SEK
1461531654295639,8.17746,8.1477,USD_SEK
1461531655023289,111.911,111.811,USD_JPY
1461531655023360,82.602,82.418,SGD_JPY
1461531655023395,14.42956,14.41294,HKD_JPY
1461531656314010,8.25553,8.22755,USD_NOK
1461531656477261,6.50624,6.50274,USD_CNH
1461531656570057,24.14122,24.06635,USD_CZK
1461531657193967,1.4469,1.4459,GBP_USD
1461531657251399,161.911,161.711,GBP_JPY
1461531657246669,2.11613,2.11013,GBP_NZD
1461531657246505,1.88042,1.87842,GBP_AUD
1461531657252919,1.88024,1.87824,GBP_AUD
1461531657252093,1.83254,1.83054,GBP_CAD
1461531657250757,1.41752,1.41552,GBP_CHF
1461531657194015,11.22459,11.21394,GBP_HKD
1461531657318880,277.394,276.283,USD_HUF
1461531657293938,9.18676,9.12761,EUR_SEK
1461531657327081,6.63433,6.63052,USD_DKK
1461531657194016,1.96291,1.95895,GBP_SGD
1461531657194012,20.88711,20.80037,GBP_ZAR
1461531657327017,24.13773,24.07043,USD_CZK
1461531657318656,3.901,3.87372,USD_PLN
1461531657294202,8.17452,8.15075,USD_SEK
1461531657346965,1.88041,1.87841,GBP_AUD
1461531658097378,1.44709,1.44609,GBP_USD
1461531658097436,11.22606,11.21541,GBP_HKD
1461531658097437,1.96317,1.95921,GBP_SGD
1461531658097434,20.88985,20.8031,GBP_ZAR
1461531658470701,277.387,276.287,USD_HUF
1461531660014988,0.68532,0.68332,NZD_USD
1461531660015095,0.92973,0.92578,NZD_SGD
1461531660015097,0.67136,0.66871,NZD_CHF
1461531660716953,24.12547,24.08275,USD_CZK
1461531660638295,27.1,27,EUR_CZK
1461531661690816,5.65934,5.58762,GBP_PLN
1461531661738666,2.85948,2.83948,USD_TRY
1461531661647185,3.901,3.87409,USD_PLN
1461531661876084,3.90097,3.87452,USD_PLN
1461531661690788,4.3864,4.3364,EUR_PLN
1461531662022451,24.1246,24.08275,USD_CZK
1461531662280366,311.946,309.205,EUR_HUF
1461531662003951,27.097,26.997,EUR_CZK
1461531662875555,1.45863,1.45663,EUR_AUD
1461531662414201,24.12442,24.08275,USD_CZK
1461531662414162,8.16936,8.15583,USD_SEK
1461531664478322,6.63512,6.63053,USD_DKK
1461531665570496,3.20783,3.18783,EUR_TRY
1461531665806679,1.64062,1.63662,EUR_NZD
1461531665815115,6.63519,6.63053,USD_DKK
1461531665570832,3.90042,3.8755,USD_PLN
1461531665478360,8.16767,8.15785,USD_SEK
1461531665478402,8.25553,8.22673,USD_NOK
1461531665804121,88.436,88.236,CAD_JPY
1461531665986860,1.2668,1.2658,USD_CAD
1461531666350443,277.387,276.28,USD_HUF
1461531665986938,0.77393,0.77252,CAD_CHF
1461531666359268,6.63524,6.63043,USD_DKK
1461531665986940,1.07176,1.06949,CAD_SGD
1461531666350210,3.9005,3.8754,USD_PLN
1461531665986939,6.12868,6.12226,CAD_HKD
1461531666314036,8.25556,8.22656,USD_NOK
1461531666743493,0.77612,0.77512,EUR_GBP
1461531666744095,1.44685,1.44585,GBP_USD
1461531666744169,11.2242,11.21355,GBP_HKD
1461531666743523,5.65898,5.58726,GBP_PLN
1461531666744170,1.96284,1.95888,GBP_SGD
1461531666744167,20.88638,20.79965,GBP_ZAR
1461531666476395,311.813,309.337,EUR_HUF
1461531666752787,2.11598,2.10998,GBP_NZD
1461531668350284,161.872,161.672,GBP_JPY
1461531668407373,161.899,161.699,GBP_JPY
1461531668352894,1.88003,1.87803,GBP_AUD
1461531668447121,1.88023,1.87823,GBP_AUD
1461531668351120,1.8324,1.8304,GBP_CAD
1461531668350209,1.41741,1.41541,GBP_CHF
1461531674294102,9.17455,9.1402,EUR_SEK
1461531675052278,0.77608,0.77508,EUR_GBP
1461531675053418,0.77603,0.77503,EUR_GBP
1461531675046954,1.44714,1.44614,GBP_USD
1461531675047667,161.91,161.71,GBP_JPY
1461531675058394,161.934,161.734,GBP_JPY
1461531675047228,2.11618,2.11018,GBP_NZD
1461531675052501,2.11636,2.11036,GBP_NZD
1461531675052895,1.88047,1.87847,GBP_AUD
1461531675050963,1.8326,1.8306,GBP_CAD
1461531675051426,1.8328,1.8308,GBP_CAD
1461531675051533,1.41752,1.41552,GBP_CHF
1461531675051784,1.41766,1.41566,GBP_CHF
1461531675053456,5.65963,5.5879,GBP_PLN
1461531675046989,1.96323,1.95927,GBP_SGD
1461531675046987,20.89057,20.80382,GBP_ZAR
1461531676313852,8.2555,8.2266,USD_NOK
1461531677643433,0.77009,0.76915,AUD_USD
1461531677643531,5.97411,5.96527,AUD_HKD
1461531677570156,24.12437,24.08275,USD_CZK
1461531677643532,1.04473,1.04207,AUD_SGD
1461531678553515,0.77608,0.77508,EUR_GBP
1461531678547237,1.44686,1.44586,GBP_USD
1461531678547485,161.895,161.695,GBP_JPY
1461531678550403,161.884,161.684,GBP_JPY
1461531678642803,0.77614,0.77514,EUR_GBP
1461531678552545,1.88031,1.87831,GBP_AUD
1461531678547373,11.22428,11.21363,GBP_HKD
1461531678553582,5.65927,5.58755,GBP_PLN
1461531678642927,5.65883,5.58711,GBP_PLN
1461531678547374,1.96285,1.95889,GBP_SGD
1461531678547371,20.88653,20.7998,GBP_ZAR
1461531682414169,8.16774,8.15786,USD_SEK
1461531684985545,0.68572,0.68378,NZD_USD
1461531684985634,5.3196,5.30318,NZD_HKD
1461531684985632,0.93027,0.9264,NZD_SGD
1461531684985635,0.67175,0.66916,NZD_CHF
1461531685451251,161.903,161.703,GBP_JPY
1461531685803648,88.445,88.245,CAD_JPY
1461531686984543,0.77006,0.76915,AUD_USD
1461531686984616,0.75439,0.75272,AUD_CHF
1461531686984615,5.97387,5.96527,AUD_HKD
1461531686984617,1.04469,1.04207,AUD_SGD
1461531687477938,86.144,86.047,AUD_JPY
1461531688294180,9.17267,9.14235,EUR_SEK
1461531688294284,8.1678,8.15786,USD_SEK
1461531689152220,1.41759,1.41559,GBP_CHF
1461531695146403,2.11619,2.11019,GBP_NZD
1461531695146684,1.83257,1.83057,GBP_CAD
1461531695150245,1.41748,1.41548,GBP_CHF
1461531697249914,1.45854,1.45654,EUR_AUD
1461531697234554,0.77028,0.76933,AUD_USD
1461531697252970,0.77036,0.76936,AUD_USD
1461531697245776,86.152,86.047,AUD_JPY
1461531697250572,86.157,86.052,AUD_JPY
1461531697234655,0.7546,0.7529,AUD_CHF
1461531697252201,0.75465,0.75291,AUD_CHF
1461531697249807,1.88013,1.87813,GBP_AUD
1461531697251528,1.87996,1.87796,GBP_AUD
1461531697243482,0.97551,0.97351,AUD_CAD
1461531697252346,0.97558,0.97358,AUD_CAD
1461531697234654,5.97558,5.96667,AUD_HKD
1461531697253056,5.9762,5.9669,AUD_HKD
1461531697234656,1.04499,1.04231,AUD_SGD
1461531697253057,1.0451,1.04235,AUD_SGD
1461531697450776,1.64074,1.63674,EUR_NZD
1461531697453458,1.64093,1.63693,EUR_NZD
1461531697450112,0.68532,0.68332,NZD_USD
1461531697344888,1.88014,1.87814,GBP_AUD
1461531697546075,0.68528,0.68328,NZD_USD
1461531697552445,0.68524,0.68324,NZD_USD
1461531697552482,5.31588,5.29899,NZD_HKD
1461531697450196,0.92973,0.92578,NZD_SGD
1461531697552480,0.92962,0.92567,NZD_SGD
1461531697450198,0.67136,0.66871,NZD_CHF
1461531697552483,0.67128,0.66863,NZD_CHF
1461531697450418,0.86761,0.86561,NZD_CAD
1461531698251581,0.97557,0.97361,AUD_CAD
1461531698450824,1.64104,1.63704,EUR_NZD
1461531698450321,0.68522,0.68324,NZD_USD
1461531698450357,5.31572,5.29899,NZD_HKD
1461531698450355,0.92959,0.92567,NZD_SGD
1461531698450358,0.67127,0.66864,NZD_CHF
1461531698450559,0.86755,0.86555,NZD_CAD
1461531701477687,76.66,76.46,NZD_JPY
1461531703251839,86.168,86.049,AUD_JPY
1461531703254938,1.12716,1.12316,AUD_NZD
1461531703251872,1.88001,1.87801,GBP_AUD
1461531703252167,1.87982,1.87782,GBP_AUD
1461531703252531,0.97563,0.97363,AUD_CAD
1461531703254709,0.9757,0.9737,AUD_CAD
1461531703346736,1.88003,1.87803,GBP_AUD
1461531704850794,1.45863,1.45663,EUR_AUD
1461531704846330,0.77042,0.76942,AUD_USD
1461531704853728,0.77096,0.76996,AUD_USD
1461531704850387,86.25,86.05,AUD_JPY
1461531704855551,86.265,86.065,AUD_JPY
1461531704846412,5.97666,5.96736,AUD_HKD
1461531704853797,5.98085,5.97155,AUD_HKD
1461531704846414,1.04518,1.04243,AUD_SGD
1461531704846413,0.75474,0.75299,AUD_CHF
1461531704853798,0.75527,0.75352,AUD_CHF
1461531704765536,1.87992,1.87792,GBP_AUD
1461531704855884,1.87899,1.87699,GBP_AUD
1461531704853180,0.97608,0.97408,AUD_CAD
1461531704855465,0.97624,0.97424,AUD_CAD
1461531704946595,1.6407,1.6367,EUR_NZD
1461531704954113,1.64031,1.63631,EUR_NZD
1461531704945499,0.68574,0.68374,NZD_USD
1461531704952677,0.68631,0.68431,NZD_USD
1461531704907154,0.77078,0.76978,AUD_USD
1461531704954193,76.652,76.452,NZD_JPY
1461531704947225,2.11644,2.11044,GBP_NZD
1461531704953969,2.11442,2.10842,GBP_NZD
1461531705154176,76.656,76.456,NZD_JPY
1461531704907231,5.97946,5.97016,AUD_HKD
1461531704945560,0.9303,0.92635,NZD_SGD
1461531704952745,0.93107,0.92712,NZD_SGD
1461531704945562,0.67177,0.66912,NZD_CHF
1461531704952746,0.67233,0.66968,NZD_CHF
1461531704907232,1.04567,1.04292,AUD_SGD
1461531704946985,0.86798,0.86598,NZD_CAD
1461531704950502,0.86828,0.86628,NZD_CAD
1461531705413497,1.45834,1.45634,EUR_AUD
1461531705668009,1.45824,1.45624,EUR_AUD
1461531705778995,1.64052,1.63652,EUR_NZD
1461531705698524,0.68586,0.68386,NZD_USD
1461531705813265,1.6404,1.6364,EUR_NZD
1461531705698610,5.32068,5.30379,NZD_HKD
1461531705698608,0.93046,0.92651,NZD_SGD
1461531705698611,0.67189,0.66924,NZD_CHF
1461531705794776,0.86841,0.86641,NZD_CAD
1461531705813333,76.689,76.489,NZD_JPY
1461531706213318,1.45788,1.45588,EUR_AUD
1461531706213385,1.45779,1.45579,EUR_AUD
1461531706713878,1.6399,1.6359,EUR_NZD
1461531706792581,0.77095,0.76995,AUD_USD
1461531706813289,1.45762,1.45562,EUR_AUD
1461531706792670,5.98077,5.97147,AUD_HKD
1461531706792672,1.0459,1.04315,AUD_SGD
1461531706792671,0.75526,0.75351,AUD_CHF
1461531706813203,76.738,76.538,NZD_JPY
1461531707293930,86.26,86.06,AUD_JPY
1461531708481216,1.35673,1.35473,USD_SGD
1461531708585625,1.6401,1.6361,EUR_NZD
1461531708547130,1.45788,1.45588,EUR_AUD
1461531708555560,1.45811,1.45611,EUR_AUD
1461531708585124,0.68577,0.68377,NZD_USD
1461531708546352,0.77079,0.76979,AUD_USD
1461531708553305,0.77058,0.76958,AUD_USD
1461531708547842,86.249,86.049,AUD_JPY
1461531708555358,86.229,86.029,AUD_JPY
1461531708618478,0.6857,0.6837,NZD_USD
1461531708553400,0.75489,0.75314,AUD_CHF
1461531708585835,76.726,76.526,NZD_JPY
1461531708586047,2.11485,2.10885,GBP_NZD
1461531708550730,1.87941,1.87741,GBP_AUD
1461531708555872,1.8797,1.8777,GBP_AUD
1461531708550659,0.9761,0.9741,AUD_CAD
1461531708555651,0.97599,0.97399,AUD_CAD
1461531708481440,82.608,82.412,SGD_JPY
1461531708481179,17.47865,17.44865,USD_MXN
1461531708481315,0.72312,0.72131,SGD_CHF
1461531708618541,5.31944,5.30255,NZD_HKD
1461531708546430,5.97953,5.97023,AUD_HKD
1461531708553398,5.9779,5.9686,AUD_HKD
1461531708481502,14.75313,14.68703,CHF_ZAR
1461531708481442,0.93053,0.92644,NZD_SGD
1461531708618538,0.93031,0.92622,NZD_SGD
1461531708481383,14.43787,14.38787,USD_ZAR
1461531708477300,5.65632,5.59096,GBP_PLN
1461531708481319,1.963,1.95875,GBP_SGD
1461531708481500,20.88957,20.80283,GBP_ZAR
1461531708481283,1.07184,1.06941,CAD_SGD
1461531708585226,0.6718,0.66915,NZD_CHF
1461531708618542,0.67174,0.66909,NZD_CHF
1461531708481259,5.72637,5.71645,SGD_HKD
1461531708481281,1.52281,1.51921,EUR_SGD
1461531708477234,4.38445,4.33938,EUR_PLN
1461531708481260,1.04597,1.04307,AUD_SGD
1461531708553401,1.04547,1.04257,AUD_SGD
1461531708586380,0.86814,0.86614,NZD_CAD
1461531711294369,9.17177,9.14347,EUR_SEK
1461531711294800,8.16787,8.15786,USD_SEK
1461531712120271,1.83246,1.83046,GBP_CAD
1461531715176089,1.87957,1.87757,GBP_AUD
1461531716294213,0.6861,0.6841,NZD_USD
1461531716176360,2.11502,2.10902,GBP_NZD
1461531716294308,5.32255,5.30566,NZD_HKD
1461531716294306,0.93086,0.92677,NZD_SGD
1461531716294309,0.67213,0.66948,NZD_CHF
1461531719151267,111.925,111.825,USD_JPY
1461531719146880,161.927,161.727,GBP_JPY
1461531719294979,1.45819,1.45619,EUR_AUD
1461531719151404,82.618,82.422,SGD_JPY
1461531719151326,14.43136,14.41474,HKD_JPY
1461531719755395,1.45832,1.45632,EUR_AUD
1461531719746631,0.77042,0.76942,AUD_USD
1461531719800813,0.68566,0.68366,NZD_USD
1461531719800921,5.31913,5.30224,NZD_HKD
1461531719746738,5.97666,5.96736,AUD_HKD
1461531719800919,0.93026,0.92617,NZD_SGD
1461531719800922,0.6717,0.66905,NZD_CHF
1461531719746740,1.04525,1.04235,AUD_SGD
1461531719746739,0.75474,0.75299,AUD_CHF
1461531720176061,0.97591,0.97391,AUD_CAD
1461531720478410,161.932,161.732,GBP_JPY
1461531721751047,161.909,161.709,GBP_JPY
1461531724672417,277.387,276.276,USD_HUF
1461531724669720,6.63516,6.63042,USD_DKK
1461531724673257,24.12463,24.08275,USD_CZK
1461531724671515,3.90046,3.8754,USD_PLN
1461531724671288,8.16784,8.15787,USD_SEK
1461531724673853,8.2555,8.22655,USD_NOK
1461531727985130,0.7761,0.7751,EUR_GBP
1461531729486187,1.64023,1.63623,EUR_NZD
1461531729486265,76.72,76.52,NZD_JPY
1461531729486027,114.335,114.135,CHF_JPY
1461531729486364,2.11526,2.10926,GBP_NZD
1461531729477381,0.97585,0.97385,AUD_CAD
1461531729477135,5.65661,5.59162,GBP_PLN
1461531729477097,4.38445,4.33967,EUR_PLN
1461531729486287,0.86802,0.86602,NZD_CAD
1461531730352600,0.77614,0.77514,EUR_GBP
1461531730456229,1.87968,1.87768,GBP_AUD
1461531731891373,111.914,111.836,USD_JPY
1461531731875577,0.97985,0.97885,USD_CHF
1461531731891424,82.61,82.43,SGD_JPY
1461531731875706,0.72328,0.72147,SGD_CHF
1461531731891468,14.42994,14.41616,HKD_JPY
1461531731875643,0.7741,0.77269,CAD_CHF
1461531731875708,7.9253,7.91517,CHF_HKD
1461531731875704,14.74982,14.68373,CHF_ZAR
1461531731875621,0.67185,0.6692,NZD_CHF
1461531731875680,0.75491,0.75316,AUD_CHF
1461531732413718,24.12432,24.08308,USD_CZK
1461531732413678,8.16777,8.15793,USD_SEK
1461531734014581,111.914,111.834,USD_JPY
1461531734014648,161.904,161.704,GBP_JPY
1461531734014977,88.451,88.254,CAD_JPY
1461531734113245,111.913,111.835,USD_JPY
1461531734271440,1.42149,1.41949,EUR_CAD
1461531734270439,3.20807,3.18807,EUR_TRY
1461531734014807,82.61,82.429,SGD_JPY
1461531734113221,82.609,82.429,SGD_JPY
1461531734272324,277.387,276.249,USD_HUF
1461531734014727,14.42994,14.4159,HKD_JPY
1461531734113260,14.42981,14.41603,HKD_JPY
1461531734269019,6.63455,6.63043,USD_DKK
1461531734270787,24.12175,24.08308,USD_CZK
1461531734268603,3.90019,3.8754,USD_PLN
1461531734269834,8.1676,8.15785,USD_SEK
1461531734272130,8.2555,8.22565,USD_NOK
1461531735046523,0.77625,0.77525,EUR_GBP
1461531735053719,1.44667,1.44567,GBP_USD
1461531735056791,161.897,161.697,GBP_JPY
1461531735056300,1.87954,1.87754,GBP_AUD
1461531735056827,1.83223,1.83023,GBP_CAD
1461531735056864,1.41728,1.41528,GBP_CHF
1461531735152764,0.77629,0.77529,EUR_GBP
1461531735152833,1.44689,1.44589,GBP_USD
1461531735157567,161.923,161.723,GBP_JPY
1461531735157764,2.11546,2.10946,GBP_NZD
1461531735156943,1.87928,1.87728,GBP_AUD
1461531735157321,1.83206,1.83006,GBP_CAD
1461531735053828,11.2228,11.21215,GBP_HKD
1461531735152873,11.22451,11.21386,GBP_HKD
1461531735046562,5.65552,5.59054,GBP_PLN
1461531735152848,5.65522,5.59025,GBP_PLN
1461531735053830,1.96274,1.95849,GBP_SGD
1461531735152874,1.96304,1.95879,GBP_SGD
1461531735053825,20.88683,20.8001,GBP_ZAR
1461531735152871,20.89,20.80326,GBP_ZAR
1461531736477692,1.41716,1.41516,GBP_CHF
1461531736798556,125.537,125.463,EUR_JPY
1461531736813819,111.91,111.838,USD_JPY
1461531736820492,161.898,161.698,GBP_JPY
1461531736813909,82.607,82.432,SGD_JPY
1461531736813934,14.42943,14.41642,HKD_JPY
1461531736820121,88.448,88.26,CAD_JPY
1461531736798586,39.377,39.108,TRY_JPY
1461531736913852,111.896,111.826,USD_JPY
1461531736919574,111.895,111.821,USD_JPY
1461531736921460,88.449,88.259,CAD_JPY
1461531736913919,82.597,82.423,SGD_JPY
1461531736919607,82.596,82.419,SGD_JPY
1461531736913880,14.42762,14.41487,HKD_JPY
1461531736919622,14.42749,14.41423,HKD_JPY
1461531737820634,88.448,88.259,CAD_JPY
1461531738304964,0.755,0.75325,AUD_CHF
1461531738355706,161.882,161.682,GBP_JPY
1461531738304878,0.77052,0.76952,AUD_USD
1461531738304963,5.97744,5.96814,AUD_HKD
1461531738304965,1.04539,1.04249,AUD_SGD
1461531738354929,88.446,88.249,CAD_JPY
1461531738556642,1.87911,1.87711,GBP_AUD
1461531741818006,6.63445,6.63042,USD_DKK
1461531741817948,3.90016,3.8754,USD_PLN
1461531742413837,24.12185,24.08275,USD_CZK
1461531744014530,88.444,88.251,CAD_JPY
1461531745813779,1.45824,1.45624,EUR_AUD
1461531746313828,8.25547,8.22559,USD_NOK
1461531748015094,88.446,88.249,CAD_JPY
1461531748489422,111.894,111.822,USD_JPY
1461531748449656,161.913,161.713,GBP_JPY
1461531748432896,88.447,88.257,CAD_JPY
1461531748489494,82.595,82.42,SGD_JPY
1461531748470215,277.38,276.252,USD_HUF
1461531748489540,14.42737,14.41436,HKD_JPY
1461531748479613,6.63444,6.63043,USD_DKK
1461531749146718,88.447,88.259,CAD_JPY
1461531750485624,88.447,88.257,CAD_JPY
1461531750542754,161.917,161.717,GBP_JPY
1461531751547179,1.64,1.636,EUR_NZD
1461531751554753,1.6402,1.6362,EUR_NZD
1461531751547281,0.6861,0.68416,NZD_USD
1461531751551053,0.6862,0.6842,NZD_USD
1461531751676573,1.63998,1.63598,EUR_NZD
1461531751551582,1.12688,1.12288,AUD_NZD
1461531751552707,1.12669,1.12269,AUD_NZD
1461531751547688,76.733,76.533,NZD_JPY
1461531751551845,2.1151,2.1091,GBP_NZD
1461531751551122,5.32332,5.30643,NZD_HKD
1461531751547302,0.93086,0.92685,NZD_SGD
1461531751551120,0.93099,0.9269,NZD_SGD
1461531751547304,0.67228,0.66969,NZD_CHF
1461531751551123,0.67238,0.66973,NZD_CHF
1461531751551150,0.86793,0.86593,NZD_CAD
1461531752550688,1.64009,1.63609,EUR_NZD
1461531752551771,76.728,76.528,NZD_JPY
1461531752414112,24.12183,24.08275,USD_CZK
1461531752551362,0.86799,0.86599,NZD_CAD
1461531753220673,111.896,111.821,USD_JPY
1461531753220757,82.597,82.419,SGD_JPY
1461531753220782,14.42762,14.41423,HKD_JPY
1461531758119749,88.451,88.254,CAD_JPY
1461531758118678,111.898,111.818,USD_JPY
1461531758118705,82.598,82.417,SGD_JPY
1461531758118744,14.42788,14.41384,HKD_JPY
1461531760218403,111.901,111.817,USD_JPY
1461531760220410,111.92,111.836,USD_JPY
1461531760220980,161.929,161.729,GBP_JPY
1461531760220801,86.205,86.07,AUD_JPY
1461531760220101,88.452,88.252,CAD_JPY
1461531760314429,111.918,111.836,USD_JPY
1461531760320518,111.901,111.817,USD_JPY
1461531760320858,161.903,161.703,GBP_JPY
1461531760220546,82.614,82.43,SGD_JPY
1461531760320597,82.6,82.416,SGD_JPY
1461531760220484,14.43071,14.41616,HKD_JPY
1461531760320573,14.42826,14.41371,HKD_JPY
1461531760293071,0.86804,0.86604,NZD_CAD
1461531761218777,111.898,111.82,USD_JPY
1461531761220102,88.451,88.254,CAD_JPY
1461531761218820,82.598,82.418,SGD_JPY
1461531761218860,14.42788,14.4141,HKD_JPY
1461531761751997,111.916,111.838,USD_JPY
1461531761756150,161.93,161.73,GBP_JPY
1461531761814755,111.916,111.84,USD_JPY
1461531761752039,82.612,82.432,SGD_JPY
1461531761900681,82.578,82.461,SGD_JPY
1461531761900658,0.723,0.72172,SGD_CHF
1461531761814840,277.387,276.248,USD_HUF
1461531761827233,277.389,276.253,USD_HUF
1461531761752085,14.4302,14.41642,HKD_JPY
1461531761814794,14.4302,14.41668,HKD_JPY
1461531761819982,6.63445,6.63052,USD_DKK
1461531761843343,0.9306,0.92727,NZD_SGD
1461531761847044,0.93066,0.92727,NZD_SGD
1461531761843266,1.96223,1.95957,GBP_SGD
1461531761900660,1.96238,1.95957,GBP_SGD
1461531761900603,1.07147,1.06983,CAD_SGD
1461531761827293,3.90011,3.8755,USD_PLN
1461531761843309,5.72409,5.71881,SGD_HKD
1461531761900587,5.72409,5.71839,SGD_HKD
1461531761843227,1.52218,1.51981,EUR_SGD
1461531761900602,1.52229,1.51981,EUR_SGD
1461531761846935,1.04502,1.0429,AUD_SGD
1461531761747558,88.453,88.253,CAD_JPY
1461531761843182,1.35617,1.35527,USD_SGD
1461531761900553,1.35627,1.35527,USD_SGD
1461531762219373,111.917,111.84,USD_JPY
1461531762359972,111.901,111.819,USD_JPY
1461531762360011,82.568,82.446,SGD_JPY
1461531762219414,14.43033,14.41668,HKD_JPY
1461531762360056,14.42826,14.41397,HKD_JPY
1461531762671727,161.903,161.703,GBP_JPY
1461531762843398,82.566,82.447,SGD_JPY
1461531762843339,0.72298,0.72173,SGD_CHF
1461531762843401,0.93066,0.92729,NZD_SGD
1461531762843342,1.96234,1.95961,GBP_SGD
1461531762843371,1.07146,1.06986,CAD_SGD
1461531762414000,8.16767,8.1578,USD_SEK
1461531762843309,5.72396,5.71847,SGD_HKD
1461531762843369,1.52227,1.51984,EUR_SGD
1461531762843311,1.04502,1.04293,AUD_SGD
1461531762843257,1.35625,1.3553,USD_SGD
1461531763014459,111.902,111.818,USD_JPY
1461531763021056,111.92,111.836,USD_JPY
1461531763114049,111.919,111.836,USD_JPY
1461531763119557,111.901,111.818,USD_JPY
1461531763021084,82.58,82.46,SGD_JPY
1461531763119677,82.566,82.446,SGD_JPY
1461531763014667,14.42839,14.41384,HKD_JPY
1461531763021120,14.43071,14.41616,HKD_JPY
1461531763119625,14.42826,14.41384,HKD_JPY
1461531763843211,82.565,82.447,SGD_JPY
1461531763843214,0.93065,0.9273,NZD_SGD
1461531763843186,1.96233,1.95962,GBP_SGD
1461531763843154,1.07145,1.06987,CAD_SGD
1461531763843122,5.72392,5.71852,SGD_HKD
1461531763843151,1.52226,1.51986,EUR_SGD
1461531763843123,1.04501,1.04293,AUD_SGD
1461531763843097,1.35624,1.35531,USD_SGD
1461531764350638,1.45816,1.45616,EUR_AUD
1461531764552264,0.68582,0.68382,NZD_USD
1461531764642546,0.68576,0.68376,NZD_USD
1461531764652752,1.12657,1.12257,AUD_NZD
1461531764552320,5.32037,5.30348,NZD_HKD
1461531764642642,5.31991,5.30302,NZD_HKD
1461531764552317,0.93014,0.92679,NZD_SGD
1461531764552321,0.672,0.66935,NZD_CHF
1461531764642643,0.67194,0.66929,NZD_CHF
1461531764914486,111.901,111.817,USD_JPY
1461531764914540,82.565,82.446,SGD_JPY
1461531764914560,14.42826,14.41371,HKD_JPY
1461531765550662,0.68572,0.68379,NZD_USD
1461531765550703,5.3196,5.30326,NZD_HKD
1461531765550700,0.93,0.92674,NZD_SGD
1461531765550705,0.6719,0.66932,NZD_CHF
1461531765550736,0.86809,0.86609,NZD_CAD
1461531766214345,111.898,111.819,USD_JPY
1461531766221140,88.451,88.254,CAD_JPY
1461531766214492,82.563,82.448,SGD_JPY
1461531766214561,14.42788,14.41397,HKD_JPY
1461531766313755,8.25557,8.22549,USD_NOK
1461531767214514,88.448,88.257,CAD_JPY
1461531769214517,86.196,86.07,AUD_JPY
1461531769647782,1.44668,1.44568,GBP_USD
1461531769652951,161.896,161.696,GBP_JPY
1461531769652240,1.87931,1.87731,GBP_AUD
1461531769652728,1.41724,1.41524,GBP_CHF
1461531769647846,11.22288,11.21223,GBP_HKD
1461531769574629,277.387,276.256,USD_HUF
1461531769647847,1.96205,1.95934,GBP_SGD
1461531769647844,20.88697,20.80024,GBP_ZAR
1461531769943011,1.35628,1.35525,USD_SGD
1461531769943147,82.566,82.445,SGD_JPY
1461531769943114,0.723,0.72171,SGD_CHF
1461531769943150,0.93003,0.9267,NZD_SGD
1461531769943117,1.96211,1.95926,GBP_SGD
1461531769943079,1.07148,1.06982,CAD_SGD
1461531769943045,5.72417,5.71834,SGD_HKD
1461531769943077,1.52231,1.51979,EUR_SGD
1461531769943047,1.04504,1.04289,AUD_SGD
1461531770913160,1.3562,1.35525,USD_SGD
1461531770913317,82.567,82.45,SGD_JPY
1461531770913244,0.72301,0.72176,SGD_CHF
1461531770913327,0.92997,0.9267,NZD_SGD
1461531770913247,1.96199,1.95926,GBP_SGD
1461531770913291,1.07142,1.06982,CAD_SGD
1461531770913194,5.72417,5.71868,SGD_HKD
1461531770913289,1.52222,1.51979,EUR_SGD
1461531770913197,1.04498,1.04289,AUD_SGD
1461531771488138,88.448,88.255,CAD_JPY
1461531771488443,2.11475,2.10875,GBP_NZD
1461531771576144,111.895,111.82,USD_JPY
1461531771571823,0.68566,0.68388,NZD_USD
1461531771580365,88.447,88.256,CAD_JPY
